{"cameraMode":{"drawMode":0,"name":"Shaded","section":"Shading Mode"},"sceneLighting":false,"audioPlay":false,"sceneViewState":{"m_AlwaysRefresh":false,"showFog":true,"showSkybox":false,"showFlares":true,"showImageEffects":true,"showParticleSystems":true,"showVisualEffectGraphs":true,"m_FxEnabled":true},"in2DMode":false,"pivot":{"x":-3.5810000896453859,"y":0.23599998652935029,"z":-3.4660000801086427},"rotation":{"x":-0.2131008803844452,"y":-0.21619446575641633,"z":0.0484311506152153,"w":-0.9515900611877441},"size":0.5074405074119568,"orthographic":false}