{"cameraMode":{"drawMode":0,"name":"Shaded","section":"Shading Mode"},"sceneLighting":true,"audioPlay":false,"sceneViewState":{"m_AlwaysRefresh":false,"showFog":true,"showSkybox":true,"showFlares":true,"showImageEffects":true,"showParticleSystems":true,"showVisualEffectGraphs":true,"m_FxEnabled":true},"in2DMode":false,"pivot":{"x":468.8070068359375,"y":159.93226623535157,"z":940.5852661132813},"rotation":{"x":0.025805754587054254,"y":0.010491670109331608,"z":-0.0002697829040698707,"w":0.9996114373207092},"size":666.8902587890625,"orthographic":false}