{"cameraMode":{"drawMode":0,"name":"Shaded","section":"Shading Mode"},"sceneLighting":true,"audioPlay":false,"sceneViewState":{"m_AlwaysRefresh":false,"showFog":true,"showSkybox":true,"showFlares":true,"showImageEffects":true,"showParticleSystems":true,"showVisualEffectGraphs":true,"m_FxEnabled":true},"in2DMode":false,"pivot":{"x":-3.757516860961914,"y":2.0148801803588869,"z":-1.0595636367797852},"rotation":{"x":-0.059598978608846667,"y":0.9079118967056274,"z":-0.3911680281162262,"w":-0.13833145797252656},"size":13.082144737243653,"orthographic":false}