{"cameraMode":{"drawMode":0,"name":"Shaded","section":"Shading Mode"},"sceneLighting":false,"audioPlay":false,"sceneViewState":{"m_AlwaysRefresh":false,"showFog":true,"showSkybox":false,"showFlares":true,"showImageEffects":true,"showParticleSystems":true,"showVisualEffectGraphs":true,"m_FxEnabled":true},"in2DMode":false,"pivot":{"x":9.399999618530274,"y":0.6600000858306885,"z":0.5699999332427979},"rotation":{"x":0.009408391080796719,"y":0.960851788520813,"z":-0.2749556005001068,"w":0.03287547454237938},"size":0.8660253882408142,"orthographic":false}